{"cameraMode":{"drawMode":0,"name":"Shaded","section":"Shading Mode"},"sceneLighting":false,"audioPlay":false,"sceneViewState":{"showFog":true,"showMaterialUpdate":false,"showSkybox":false,"showFlares":true,"showImageEffects":true,"showParticleSystems":true},"in2DMode":false,"pivot":{"x":-1223.199462890625,"y":988.2322387695313,"z":-301.83160400390627},"rotation":{"x":0.227227121591568,"y":0.5752917528152466,"z":-0.17042693495750428,"w":0.7670613527297974},"size":5.7000579833984379,"orthographic":false}