{"cameraMode":{"drawMode":0,"name":"Shaded","section":"Shading Mode"},"sceneLighting":false,"audioPlay":false,"sceneViewState":{"showFog":true,"showMaterialUpdate":false,"showSkybox":true,"showFlares":true,"showImageEffects":true,"showParticleSystems":true},"in2DMode":false,"pivot":{"x":0.10400390625,"y":2.664794921875,"z":0.574859619140625},"rotation":{"x":0.05865538492798805,"y":0.6866001486778259,"z":-0.05573495477437973,"w":0.7225396037101746},"size":2.8633453845977785,"orthographic":true}