{"cameraMode":{"drawMode":0,"name":"Shaded","section":"Shading Mode"},"sceneLighting":false,"audioPlay":false,"sceneViewState":{"showFog":true,"showMaterialUpdate":false,"showSkybox":false,"showFlares":true,"showImageEffects":true,"showParticleSystems":true},"in2DMode":false,"pivot":{"x":-0.06824874877929688,"y":-0.00254058837890625,"z":0.146240234375},"rotation":{"x":0.004499959759414196,"y":0.0029998822137713434,"z":-0.000013495620805770159,"w":0.9999851584434509},"size":1.162824034690857,"orthographic":true}