{"cameraMode":{"drawMode":0,"name":"Shaded","section":"Shading Mode"},"sceneLighting":true,"audioPlay":false,"sceneViewState":{"showFog":true,"showMaterialUpdate":false,"showSkybox":true,"showFlares":true,"showImageEffects":true,"showParticleSystems":true},"in2DMode":false,"pivot":{"x":61.5526123046875,"y":32.1883544921875,"z":-153.2454833984375},"rotation":{"x":0.051033973693847659,"y":0.7978562116622925,"z":-0.06847544014453888,"w":0.5968796014785767},"size":646.2899169921875,"orthographic":false}